silhouette,davies_bouldin,calinski_harabasz
-0.14531861910921642,51.77956230047389,0.7616175997020201
