silhouette,davies_bouldin,calinski_harabasz
-0.08765839625712912,12.716984634499799,0.6920779155154546
